source,target,weight,type
侯亮平,沙瑞金,22,undirected
侯亮平,李达康,18,undirected
侯亮平,陆亦可,46,undirected
侯亮平,高育良,66,undirected
侯亮平,祁同伟,47,undirected
侯亮平,季昌明,37,undirected
侯亮平,赵东来,22,undirected
侯亮平,赵瑞龙,18,undirected
侯亮平,钟小艾,23,undirected
侯亮平,吴惠芬,14,undirected
侯亮平,丁义珍,24,undirected
侯亮平,田国富,8,undirected
侯亮平,陈岩石,19,undirected
侯亮平,王馥真,2,undirected
侯亮平,刘新建,27,undirected
侯亮平,蔡成功,42,undirected
侯亮平,程度,3,undirected
侯亮平,陈海,39,undirected
侯亮平,肖钢玉,12,undirected
侯亮平,陈清泉,2,undirected
侯亮平,郑西坡,3,undirected
侯亮平,赵德汉,10,undirected
侯亮平,欧阳菁,16,undirected
侯亮平,梁璐,4,undirected
侯亮平,林华华,12,undirected
侯亮平,周正,3,undirected
侯亮平,张宝宝,1,undirected
侯亮平,吴心仪,3,undirected
侯亮平,陈群芳,4,undirected
侯亮平,吕梁,14,undirected
侯亮平,王经理,3,undirected
侯亮平,秦思远,4,undirected
侯亮平,侯浩然,8,undirected
侯亮平,小皮球,12,undirected
侯亮平,魏彩霞,3,undirected
侯亮平,尤瑞星,7,undirected
侯亮平,陈文强,1,undirected
侯亮平,花斑虎,1,undirected
侯亮平,杜伯仲,2,undirected
侯亮平,丁秀萍,1,undirected
侯亮平,司机小钱,2,undirected
侯亮平,赵德汉妻,1,undirected
沙瑞金,侯亮平,22,undirected
沙瑞金,李达康,31,undirected
沙瑞金,陆亦可,1,undirected
沙瑞金,高育良,20,undirected
沙瑞金,祁同伟,16,undirected
沙瑞金,季昌明,10,undirected
沙瑞金,赵东来,3,undirected
沙瑞金,赵瑞龙,13,undirected
沙瑞金,钟小艾,1,undirected
沙瑞金,易学习,16,undirected
沙瑞金,孙连城,2,undirected
沙瑞金,丁义珍,5,undirected
沙瑞金,田国富,18,undirected
沙瑞金,陈岩石,20,undirected
沙瑞金,王馥真,1,undirected
沙瑞金,刘新建,1,undirected
沙瑞金,蔡成功,3,undirected
沙瑞金,陈海,4,undirected
沙瑞金,郑西坡,3,undirected
沙瑞金,欧阳菁,3,undirected
沙瑞金,梁璐,1,undirected
沙瑞金,王大路,1,undirected
沙瑞金,王文革,2,undirected
沙瑞金,毛娅,3,undirected
沙瑞金,张树立,1,undirected
沙瑞金,吴春林,2,undirected
沙瑞金,汤成兰,1,undirected
沙瑞金,尤瑞星,1,undirected
李达康,侯亮平,18,undirected
李达康,沙瑞金,31,undirected
李达康,陆亦可,3,undirected
李达康,高育良,24,undirected
李达康,祁同伟,17,undirected
李达康,季昌明,6,undirected
李达康,赵东来,14,undirected
李达康,赵瑞龙,8,undirected
李达康,易学习,16,undirected
李达康,吴惠芬,2,undirected
李达康,孙连城,14,undirected
李达康,丁义珍,9,undirected
李达康,田国富,2,undirected
李达康,陈岩石,13,undirected
李达康,刘新建,2,undirected
李达康,蔡成功,13,undirected
李达康,程度,5,undirected
李达康,陈清泉,6,undirected
李达康,郑西坡,6,undirected
李达康,欧阳菁,31,undirected
李达康,王大路,11,undirected
李达康,孙海平,1,undirected
李达康,毛娅,2,undirected
李达康,张树立,1,undirected
李达康,钱秘书长,1,undirected
李达康,交警,1,undirected
陆亦可,侯亮平,46,undirected
陆亦可,沙瑞金,1,undirected
陆亦可,李达康,3,undirected
陆亦可,高育良,6,undirected
陆亦可,祁同伟,4,undirected
陆亦可,季昌明,12,undirected
陆亦可,赵东来,19,undirected
陆亦可,赵瑞龙,3,undirected
陆亦可,吴惠芬,1,undirected
陆亦可,丁义珍,8,undirected
陆亦可,田国富,1,undirected
陆亦可,陈岩石,5,undirected
陆亦可,刘新建,6,undirected
陆亦可,蔡成功,17,undirected
陆亦可,程度,2,undirected
陆亦可,陈海,20,undirected
陆亦可,肖钢玉,1,undirected
陆亦可,陈清泉,2,undirected
陆亦可,郑西坡,2,undirected
陆亦可,欧阳菁,7,undirected
陆亦可,林华华,13,undirected
陆亦可,周正,8,undirected
陆亦可,张宝宝,1,undirected
陆亦可,吴心仪,3,undirected
陆亦可,陈群芳,3,undirected
陆亦可,小皮球,3,undirected
陆亦可,魏彩霞,2,undirected
陆亦可,尤瑞星,5,undirected
陆亦可,司机小钱,1,undirected
高育良,侯亮平,66,undirected
高育良,沙瑞金,20,undirected
高育良,李达康,24,undirected
高育良,陆亦可,6,undirected
高育良,祁同伟,34,undirected
高育良,季昌明,12,undirected
高育良,赵东来,1,undirected
高育良,赵瑞龙,20,undirected
高育良,钟小艾,6,undirected
高育良,易学习,2,undirected
高育良,吴惠芬,24,undirected
高育良,孙连城,1,undirected
高育良,丁义珍,12,undirected
高育良,田国富,9,undirected
高育良,陈岩石,4,undirected
高育良,王馥真,1,undirected
高育良,刘新建,5,undirected
高育良,蔡成功,5,undirected
高育良,程度,1,undirected
高育良,陈海,6,undirected
高育良,肖钢玉,6,undirected
高育良,陈清泉,4,undirected
高育良,郑西坡,1,undirected
高育良,欧阳菁,1,undirected
高育良,梁璐,2,undirected
高育良,张宝宝,1,undirected
高育良,吕梁,1,undirected
高育良,张树立,1,undirected
高育良,吴春林,1,undirected
高育良,魏彩霞,2,undirected
高育良,杜伯仲,6,undirected
高育良,钱秘书长,3,undirected
祁同伟,侯亮平,47,undirected
祁同伟,沙瑞金,16,undirected
祁同伟,李达康,17,undirected
祁同伟,陆亦可,4,undirected
祁同伟,高育良,34,undirected
祁同伟,季昌明,3,undirected
祁同伟,赵东来,13,undirected
祁同伟,赵瑞龙,17,undirected
祁同伟,钟小艾,5,undirected
祁同伟,易学习,1,undirected
祁同伟,吴惠芬,6,undirected
祁同伟,丁义珍,13,undirected
祁同伟,田国富,7,undirected
祁同伟,陈岩石,6,undirected
祁同伟,刘新建,11,undirected
祁同伟,蔡成功,5,undirected
祁同伟,程度,7,undirected
祁同伟,陈海,4,undirected
祁同伟,肖钢玉,3,undirected
祁同伟,陈清泉,3,undirected
祁同伟,欧阳菁,1,undirected
祁同伟,梁璐,17,undirected
祁同伟,王文革,1,undirected
祁同伟,吴春林,2,undirected
祁同伟,常成虎,1,undirected
祁同伟,毕敬业,2,undirected
祁同伟,尤瑞星,1,undirected
祁同伟,花斑虎,1,undirected
祁同伟,蔡英俊,1,undirected
祁同伟,杜伯仲,2,undirected
祁同伟,钱秘书长,1,undirected
季昌明,侯亮平,37,undirected
季昌明,沙瑞金,10,undirected
季昌明,李达康,6,undirected
季昌明,陆亦可,12,undirected
季昌明,高育良,12,undirected
季昌明,祁同伟,3,undirected
季昌明,赵东来,2,undirected
季昌明,赵瑞龙,2,undirected
季昌明,钟小艾,3,undirected
季昌明,孙连城,1,undirected
季昌明,丁义珍,4,undirected
季昌明,田国富,1,undirected
季昌明,陈岩石,4,undirected
季昌明,刘新建,3,undirected
季昌明,蔡成功,10,undirected
季昌明,陈海,3,undirected
季昌明,肖钢玉,5,undirected
季昌明,欧阳菁,5,undirected
季昌明,林华华,1,undirected
季昌明,周正,1,undirected
季昌明,吴心仪,3,undirected
季昌明,陈群芳,2,undirected
季昌明,吕梁,3,undirected
季昌明,张树立,1,undirected
季昌明,尤瑞星,1,undirected
季昌明,花斑虎,1,undirected
季昌明,司机小钱,1,undirected
赵东来,侯亮平,22,undirected
赵东来,沙瑞金,3,undirected
赵东来,李达康,14,undirected
赵东来,陆亦可,19,undirected
赵东来,高育良,1,undirected
赵东来,祁同伟,13,undirected
赵东来,季昌明,2,undirected
赵东来,赵瑞龙,1,undirected
赵东来,丁义珍,6,undirected
赵东来,陈岩石,4,undirected
赵东来,刘新建,2,undirected
赵东来,蔡成功,15,undirected
赵东来,程度,5,undirected
赵东来,陈海,10,undirected
赵东来,肖钢玉,1,undirected
赵东来,陈清泉,4,undirected
赵东来,郑西坡,3,undirected
赵东来,欧阳菁,4,undirected
赵东来,林华华,2,undirected
赵东来,周正,1,undirected
赵东来,张宝宝,1,undirected
赵东来,王经理,2,undirected
赵东来,魏彩霞,2,undirected
赵东来,花斑虎,3,undirected
赵东来,钱队长,1,undirected
赵东来,交警,1,undirected
赵瑞龙,侯亮平,18,undirected
赵瑞龙,沙瑞金,13,undirected
赵瑞龙,李达康,8,undirected
赵瑞龙,陆亦可,3,undirected
赵瑞龙,高育良,20,undirected
赵瑞龙,祁同伟,17,undirected
赵瑞龙,季昌明,2,undirected
赵瑞龙,赵东来,1,undirected
赵瑞龙,易学习,3,undirected
赵瑞龙,吴惠芬,3,undirected
赵瑞龙,丁义珍,3,undirected
赵瑞龙,田国富,5,undirected
赵瑞龙,陈岩石,1,undirected
赵瑞龙,刘新建,19,undirected
赵瑞龙,蔡成功,1,undirected
赵瑞龙,程度,4,undirected
赵瑞龙,肖钢玉,2,undirected
赵瑞龙,陈清泉,1,undirected
赵瑞龙,欧阳菁,1,undirected
赵瑞龙,林华华,2,undirected
赵瑞龙,王文革,2,undirected
赵瑞龙,刘生,3,undirected
赵瑞龙,花斑虎,2,undirected
赵瑞龙,蔡英俊,1,undirected
赵瑞龙,杜伯仲,11,undirected
钟小艾,侯亮平,23,undirected
钟小艾,沙瑞金,1,undirected
钟小艾,高育良,6,undirected
钟小艾,祁同伟,5,undirected
钟小艾,季昌明,3,undirected
钟小艾,吴惠芬,2,undirected
钟小艾,陈岩石,1,undirected
钟小艾,陈海,3,undirected
钟小艾,梁璐,2,undirected
钟小艾,秦思远,1,undirected
钟小艾,侯浩然,5,undirected
易学习,沙瑞金,16,undirected
易学习,李达康,16,undirected
易学习,高育良,2,undirected
易学习,祁同伟,1,undirected
易学习,赵瑞龙,3,undirected
易学习,吴惠芬,1,undirected
易学习,丁义珍,1,undirected
易学习,田国富,8,undirected
易学习,欧阳菁,2,undirected
易学习,王大路,3,undirected
易学习,毛娅,5,undirected
易学习,吴春林,1,undirected
易学习,钱秘书长,3,undirected
吴惠芬,侯亮平,14,undirected
吴惠芬,李达康,2,undirected
吴惠芬,陆亦可,1,undirected
吴惠芬,高育良,24,undirected
吴惠芬,祁同伟,6,undirected
吴惠芬,赵瑞龙,3,undirected
吴惠芬,钟小艾,2,undirected
吴惠芬,易学习,1,undirected
吴惠芬,田国富,1,undirected
吴惠芬,刘新建,1,undirected
吴惠芬,梁璐,3,undirected
孙连城,沙瑞金,2,undirected
孙连城,李达康,14,undirected
孙连城,高育良,1,undirected
孙连城,季昌明,1,undirected
孙连城,丁义珍,1,undirected
孙连城,陈岩石,2,undirected
孙连城,程度,1,undirected
孙连城,郑西坡,1,undirected
孙连城,欧阳菁,1,undirected
孙连城,张树立,1,undirected
丁义珍,侯亮平,24,undirected
丁义珍,沙瑞金,5,undirected
丁义珍,李达康,9,undirected
丁义珍,陆亦可,8,undirected
丁义珍,高育良,12,undirected
丁义珍,祁同伟,13,undirected
丁义珍,季昌明,4,undirected
丁义珍,赵东来,6,undirected
丁义珍,赵瑞龙,3,undirected
丁义珍,易学习,1,undirected
丁义珍,孙连城,1,undirected
丁义珍,陈岩石,2,undirected
丁义珍,刘新建,3,undirected
丁义珍,蔡成功,8,undirected
丁义珍,程度,1,undirected
丁义珍,陈海,12,undirected
丁义珍,赵德汉,6,undirected
丁义珍,欧阳菁,4,undirected
丁义珍,梁璐,1,undirected
丁义珍,林华华,5,undirected
丁义珍,周正,10,undirected
丁义珍,王大路,1,undirected
丁义珍,王文革,1,undirected
丁义珍,陈群芳,1,undirected
丁义珍,张树立,1,undirected
丁义珍,小皮球,1,undirected
丁义珍,毕敬业,2,undirected
丁义珍,何阿三,3,undirected
丁义珍,魏彩霞,2,undirected
丁义珍,陈文强,1,undirected
丁义珍,花斑虎,3,undirected
田国富,侯亮平,8,undirected
田国富,沙瑞金,18,undirected
田国富,李达康,2,undirected
田国富,陆亦可,1,undirected
田国富,高育良,9,undirected
田国富,祁同伟,7,undirected
田国富,季昌明,1,undirected
田国富,赵瑞龙,5,undirected
田国富,易学习,8,undirected
田国富,吴惠芬,1,undirected
田国富,陈岩石,1,undirected
田国富,欧阳菁,1,undirected
田国富,吕梁,3,undirected
田国富,吴春林,2,undirected
田国富,尤瑞星,1,undirected
田国富,杜伯仲,2,undirected
田国富,丁秀萍,1,undirected
陈岩石,侯亮平,19,undirected
陈岩石,沙瑞金,20,undirected
陈岩石,李达康,13,undirected
陈岩石,陆亦可,5,undirected
陈岩石,高育良,4,undirected
陈岩石,祁同伟,6,undirected
陈岩石,季昌明,4,undirected
陈岩石,赵东来,4,undirected
陈岩石,赵瑞龙,1,undirected
陈岩石,钟小艾,1,undirected
陈岩石,孙连城,2,undirected
陈岩石,丁义珍,2,undirected
陈岩石,田国富,1,undirected
陈岩石,王馥真,4,undirected
陈岩石,刘新建,1,undirected
陈岩石,蔡成功,3,undirected
陈岩石,程度,2,undirected
陈岩石,陈海,8,undirected
陈岩石,肖钢玉,2,undirected
陈岩石,陈清泉,1,undirected
陈岩石,郑西坡,12,undirected
陈岩石,梁璐,1,undirected
陈岩石,张宝宝,1,undirected
陈岩石,王文革,4,undirected
陈岩石,吕梁,3,undirected
陈岩石,秦思远,1,undirected
陈岩石,魏彩霞,1,undirected
陈岩石,尤瑞星,6,undirected
陈岩石,花斑虎,1,undirected
陈岩石,蔡英俊,1,undirected
陈岩石,钱律师,1,undirected
陈岩石,司机小钱,1,undirected
陈岩石,交警,1,undirected
王馥真,侯亮平,2,undirected
王馥真,沙瑞金,1,undirected
王馥真,高育良,1,undirected
王馥真,陈岩石,4,undirected
王馥真,陈海,2,undirected
王馥真,陈清泉,1,undirected
王馥真,郑西坡,1,undirected
刘新建,侯亮平,27,undirected
刘新建,沙瑞金,1,undirected
刘新建,李达康,2,undirected
刘新建,陆亦可,6,undirected
刘新建,高育良,5,undirected
刘新建,祁同伟,11,undirected
刘新建,季昌明,3,undirected
刘新建,赵东来,2,undirected
刘新建,赵瑞龙,19,undirected
刘新建,吴惠芬,1,undirected
刘新建,丁义珍,3,undirected
刘新建,陈岩石,1,undirected
刘新建,蔡成功,3,undirected
刘新建,程度,2,undirected
刘新建,肖钢玉,1,undirected
刘新建,陈清泉,1,undirected
刘新建,欧阳菁,3,undirected
刘新建,花斑虎,1,undirected
蔡成功,侯亮平,42,undirected
蔡成功,沙瑞金,3,undirected
蔡成功,李达康,13,undirected
蔡成功,陆亦可,17,undirected
蔡成功,高育良,5,undirected
蔡成功,祁同伟,5,undirected
蔡成功,季昌明,10,undirected
蔡成功,赵东来,15,undirected
蔡成功,赵瑞龙,1,undirected
蔡成功,丁义珍,8,undirected
蔡成功,陈岩石,3,undirected
蔡成功,刘新建,3,undirected
蔡成功,程度,1,undirected
蔡成功,陈海,7,undirected
蔡成功,肖钢玉,1,undirected
蔡成功,郑西坡,18,undirected
蔡成功,欧阳菁,20,undirected
蔡成功,林华华,4,undirected
蔡成功,周正,3,undirected
蔡成功,王文革,2,undirected
蔡成功,陈群芳,3,undirected
蔡成功,吕梁,2,undirected
蔡成功,常成虎,1,undirected
蔡成功,汤成兰,1,undirected
蔡成功,尤瑞星,5,undirected
蔡成功,陈文强,1,undirected
蔡成功,司机小钱,2,undirected
程度,侯亮平,3,undirected
程度,李达康,5,undirected
程度,陆亦可,2,undirected
程度,高育良,1,undirected
程度,祁同伟,7,undirected
程度,赵东来,5,undirected
程度,赵瑞龙,4,undirected
程度,孙连城,1,undirected
程度,丁义珍,1,undirected
程度,陈岩石,2,undirected
程度,刘新建,2,undirected
程度,蔡成功,1,undirected
程度,郑西坡,7,undirected
程度,林华华,1,undirected
程度,王经理,3,undirected
程度,常成虎,2,undirected
程度,尤瑞星,1,undirected
程度,杜伯仲,1,undirected
程度,雷警官,1,undirected
程度,钱队长,1,undirected
程度,交警,1,undirected
陈海,侯亮平,39,undirected
陈海,沙瑞金,4,undirected
陈海,陆亦可,20,undirected
陈海,高育良,6,undirected
陈海,祁同伟,4,undirected
陈海,季昌明,3,undirected
陈海,赵东来,10,undirected
陈海,钟小艾,3,undirected
陈海,丁义珍,12,undirected
陈海,陈岩石,8,undirected
陈海,王馥真,2,undirected
陈海,蔡成功,7,undirected
陈海,陈清泉,1,undirected
陈海,赵德汉,3,undirected
陈海,欧阳菁,1,undirected
陈海,梁璐,2,undirected
陈海,林华华,5,undirected
陈海,周正,1,undirected
陈海,王文革,1,undirected
陈海,秦思远,3,undirected
陈海,小皮球,3,undirected
陈海,尤瑞星,1,undirected
陈海,陈文强,1,undirected
肖钢玉,侯亮平,12,undirected
肖钢玉,陆亦可,1,undirected
肖钢玉,高育良,6,undirected
肖钢玉,祁同伟,3,undirected
肖钢玉,季昌明,5,undirected
肖钢玉,赵东来,1,undirected
肖钢玉,赵瑞龙,2,undirected
肖钢玉,陈岩石,2,undirected
肖钢玉,刘新建,1,undirected
肖钢玉,蔡成功,1,undirected
肖钢玉,陈清泉,1,undirected
肖钢玉,吕梁,6,undirected
陈清泉,侯亮平,2,undirected
陈清泉,李达康,6,undirected
陈清泉,陆亦可,2,undirected
陈清泉,高育良,4,undirected
陈清泉,祁同伟,3,undirected
陈清泉,赵东来,4,undirected
陈清泉,赵瑞龙,1,undirected
陈清泉,陈岩石,1,undirected
陈清泉,王馥真,1,undirected
陈清泉,刘新建,1,undirected
陈清泉,陈海,1,undirected
陈清泉,肖钢玉,1,undirected
陈清泉,孙海平,3,undirected
陈清泉,张树立,1,undirected
陈清泉,秦奔,1,undirected
陈清泉,钱队长,2,undirected
郑西坡,侯亮平,3,undirected
郑西坡,沙瑞金,3,undirected
郑西坡,李达康,6,undirected
郑西坡,陆亦可,2,undirected
郑西坡,高育良,1,undirected
郑西坡,赵东来,3,undirected
郑西坡,孙连城,1,undirected
郑西坡,陈岩石,12,undirected
郑西坡,王馥真,1,undirected
郑西坡,蔡成功,18,undirected
郑西坡,程度,7,undirected
郑西坡,张宝宝,6,undirected
郑西坡,王文革,3,undirected
郑西坡,常成虎,1,undirected
郑西坡,汤成兰,1,undirected
郑西坡,魏彩霞,1,undirected
郑西坡,尤瑞星,3,undirected
郑西坡,雷警官,1,undirected
郑西坡,交警,1,undirected
赵德汉,侯亮平,10,undirected
赵德汉,丁义珍,6,undirected
赵德汉,陈海,3,undirected
赵德汉,小皮球,1,undirected
赵德汉,赵德汉妻,1,undirected
欧阳菁,侯亮平,16,undirected
欧阳菁,沙瑞金,3,undirected
欧阳菁,李达康,31,undirected
欧阳菁,陆亦可,7,undirected
欧阳菁,高育良,1,undirected
欧阳菁,祁同伟,1,undirected
欧阳菁,季昌明,5,undirected
欧阳菁,赵东来,4,undirected
欧阳菁,赵瑞龙,1,undirected
欧阳菁,易学习,2,undirected
欧阳菁,孙连城,1,undirected
欧阳菁,丁义珍,4,undirected
欧阳菁,田国富,1,undirected
欧阳菁,刘新建,3,undirected
欧阳菁,蔡成功,20,undirected
欧阳菁,陈海,1,undirected
欧阳菁,林华华,7,undirected
欧阳菁,周正,1,undirected
欧阳菁,王大路,12,undirected
欧阳菁,陈群芳,2,undirected
欧阳菁,毛娅,2,undirected
梁璐,侯亮平,4,undirected
梁璐,沙瑞金,1,undirected
梁璐,高育良,2,undirected
梁璐,祁同伟,17,undirected
梁璐,钟小艾,2,undirected
梁璐,吴惠芬,3,undirected
梁璐,丁义珍,1,undirected
梁璐,陈岩石,1,undirected
梁璐,陈海,2,undirected
林华华,侯亮平,12,undirected
林华华,陆亦可,13,undirected
林华华,季昌明,1,undirected
林华华,赵东来,2,undirected
林华华,赵瑞龙,2,undirected
林华华,丁义珍,5,undirected
林华华,蔡成功,4,undirected
林华华,程度,1,undirected
林华华,陈海,5,undirected
林华华,欧阳菁,7,undirected
林华华,周正,7,undirected
林华华,陈群芳,2,undirected
林华华,吕梁,1,undirected
林华华,尤瑞星,1,undirected
林华华,雷警官,1,undirected
周正,侯亮平,3,undirected
周正,陆亦可,8,undirected
周正,季昌明,1,undirected
周正,赵东来,1,undirected
周正,丁义珍,10,undirected
周正,蔡成功,3,undirected
周正,陈海,1,undirected
周正,欧阳菁,1,undirected
周正,林华华,7,undirected
周正,尤瑞星,1,undirected
张宝宝,侯亮平,1,undirected
张宝宝,陆亦可,1,undirected
张宝宝,高育良,1,undirected
张宝宝,赵东来,1,undirected
张宝宝,陈岩石,1,undirected
张宝宝,郑西坡,6,undirected
张宝宝,魏彩霞,1,undirected
张宝宝,尤瑞星,1,undirected
张宝宝,交警,1,undirected
王大路,沙瑞金,1,undirected
王大路,李达康,11,undirected
王大路,易学习,3,undirected
王大路,丁义珍,1,undirected
王大路,欧阳菁,12,undirected
王大路,毛娅,2,undirected
吴心仪,侯亮平,3,undirected
吴心仪,陆亦可,3,undirected
吴心仪,季昌明,3,undirected
王文革,沙瑞金,2,undirected
王文革,祁同伟,1,undirected
王文革,赵瑞龙,2,undirected
王文革,丁义珍,1,undirected
王文革,陈岩石,4,undirected
王文革,蔡成功,2,undirected
王文革,陈海,1,undirected
王文革,郑西坡,3,undirected
王文革,汤成兰,1,undirected
王文革,花斑虎,1,undirected
王文革,蔡英俊,2,undirected
王文革,钱律师,1,undirected
陈群芳,侯亮平,4,undirected
陈群芳,陆亦可,3,undirected
陈群芳,季昌明,2,undirected
陈群芳,丁义珍,1,undirected
陈群芳,蔡成功,3,undirected
陈群芳,欧阳菁,2,undirected
陈群芳,林华华,2,undirected
陈群芳,尤瑞星,1,undirected
陈群芳,司机小钱,1,undirected
孙海平,李达康,1,undirected
孙海平,陈清泉,3,undirected
孙海平,张树立,1,undirected
吕梁,侯亮平,14,undirected
吕梁,高育良,1,undirected
吕梁,季昌明,3,undirected
吕梁,田国富,3,undirected
吕梁,陈岩石,3,undirected
吕梁,蔡成功,2,undirected
吕梁,肖钢玉,6,undirected
吕梁,林华华,1,undirected
吕梁,尤瑞星,1,undirected
吕梁,丁秀萍,2,undirected
王经理,侯亮平,3,undirected
王经理,赵东来,2,undirected
王经理,程度,3,undirected
秦思远,侯亮平,4,undirected
秦思远,钟小艾,1,undirected
秦思远,陈岩石,1,undirected
秦思远,陈海,3,undirected
毛娅,沙瑞金,3,undirected
毛娅,李达康,2,undirected
毛娅,易学习,5,undirected
毛娅,欧阳菁,2,undirected
毛娅,王大路,2,undirected
刘生,赵瑞龙,3,undirected
刘生,杜伯仲,3,undirected
张树立,沙瑞金,1,undirected
张树立,李达康,1,undirected
张树立,高育良,1,undirected
张树立,季昌明,1,undirected
张树立,孙连城,1,undirected
张树立,丁义珍,1,undirected
张树立,陈清泉,1,undirected
张树立,孙海平,1,undirected
吴春林,沙瑞金,2,undirected
吴春林,高育良,1,undirected
吴春林,祁同伟,2,undirected
吴春林,易学习,1,undirected
吴春林,田国富,2,undirected
侯浩然,侯亮平,8,undirected
侯浩然,钟小艾,5,undirected
侯浩然,小皮球,1,undirected
小皮球,侯亮平,12,undirected
小皮球,陆亦可,3,undirected
小皮球,丁义珍,1,undirected
小皮球,陈海,3,undirected
小皮球,赵德汉,1,undirected
小皮球,侯浩然,1,undirected
常成虎,祁同伟,1,undirected
常成虎,蔡成功,1,undirected
常成虎,程度,2,undirected
常成虎,郑西坡,1,undirected
汤成兰,沙瑞金,1,undirected
汤成兰,蔡成功,1,undirected
汤成兰,郑西坡,1,undirected
汤成兰,王文革,1,undirected
毕敬业,祁同伟,2,undirected
毕敬业,丁义珍,2,undirected
何阿三,丁义珍,3,undirected
魏彩霞,侯亮平,3,undirected
魏彩霞,陆亦可,2,undirected
魏彩霞,高育良,2,undirected
魏彩霞,赵东来,2,undirected
魏彩霞,丁义珍,2,undirected
魏彩霞,陈岩石,1,undirected
魏彩霞,郑西坡,1,undirected
魏彩霞,张宝宝,1,undirected
尤瑞星,侯亮平,7,undirected
尤瑞星,沙瑞金,1,undirected
尤瑞星,陆亦可,5,undirected
尤瑞星,祁同伟,1,undirected
尤瑞星,季昌明,1,undirected
尤瑞星,田国富,1,undirected
尤瑞星,陈岩石,6,undirected
尤瑞星,蔡成功,5,undirected
尤瑞星,程度,1,undirected
尤瑞星,陈海,1,undirected
尤瑞星,郑西坡,3,undirected
尤瑞星,林华华,1,undirected
尤瑞星,周正,1,undirected
尤瑞星,张宝宝,1,undirected
尤瑞星,陈群芳,1,undirected
尤瑞星,吕梁,1,undirected
尤瑞星,司机小钱,1,undirected
尤瑞星,交警,1,undirected
陈文强,侯亮平,1,undirected
陈文强,丁义珍,1,undirected
陈文强,蔡成功,1,undirected
陈文强,陈海,1,undirected
花斑虎,侯亮平,1,undirected
花斑虎,祁同伟,1,undirected
花斑虎,季昌明,1,undirected
花斑虎,赵东来,3,undirected
花斑虎,赵瑞龙,2,undirected
花斑虎,丁义珍,3,undirected
花斑虎,陈岩石,1,undirected
花斑虎,刘新建,1,undirected
花斑虎,王文革,1,undirected
花斑虎,钱队长,2,undirected
蔡英俊,祁同伟,1,undirected
蔡英俊,赵瑞龙,1,undirected
蔡英俊,陈岩石,1,undirected
蔡英俊,王文革,2,undirected
蔡英俊,钱律师,1,undirected
秦奔,陈清泉,1,undirected
杜伯仲,侯亮平,2,undirected
杜伯仲,高育良,6,undirected
杜伯仲,祁同伟,2,undirected
杜伯仲,赵瑞龙,11,undirected
杜伯仲,田国富,2,undirected
杜伯仲,程度,1,undirected
杜伯仲,刘生,3,undirected
丁秀萍,侯亮平,1,undirected
丁秀萍,田国富,1,undirected
丁秀萍,吕梁,2,undirected
钱秘书长,李达康,1,undirected
钱秘书长,高育良,3,undirected
钱秘书长,祁同伟,1,undirected
钱秘书长,易学习,3,undirected
雷警官,程度,1,undirected
雷警官,郑西坡,1,undirected
雷警官,林华华,1,undirected
钱队长,赵东来,1,undirected
钱队长,程度,1,undirected
钱队长,陈清泉,2,undirected
钱队长,花斑虎,2,undirected
钱律师,陈岩石,1,undirected
钱律师,王文革,1,undirected
钱律师,蔡英俊,1,undirected
司机小钱,侯亮平,2,undirected
司机小钱,陆亦可,1,undirected
司机小钱,季昌明,1,undirected
司机小钱,陈岩石,1,undirected
司机小钱,蔡成功,2,undirected
司机小钱,陈群芳,1,undirected
司机小钱,尤瑞星,1,undirected
赵德汉妻,侯亮平,1,undirected
赵德汉妻,赵德汉,1,undirected
交警,李达康,1,undirected
交警,赵东来,1,undirected
交警,陈岩石,1,undirected
交警,程度,1,undirected
交警,郑西坡,1,undirected
交警,张宝宝,1,undirected
交警,尤瑞星,1,undirected
